C_ID,Customer_ID,Name,CUSTOMER IN PPAP,CODE,Country
987,CUS2543,1x Technologies,,,
954,CUS2485,3-SIXTY MFG,,,
232,CUS 976: Master Plastics Die-Cuts + Primer for Air,6090 Die-Cuts+Primer,,,
12,CUS 939: PRJ001,"651MSX, 8397 FRX for Hyundai",,,
301,CUS1098: PRJ2,7204 For Future Vehicle Programs,,,
139,CUS 696: PRJ003,"834MPX BK, GM L233 Low Voltage / Battery Cable",,,
358,CUS1146: PRJ008,"834MPX testing, C121",,,
191,CUS 799: PRJ004,"834MPX, P702, IP, Yazaki",,,
357,CUS1146: PRJ007,"8355 Approval, Core",,,
334,CUS1105: PRJ3,837X biz for Toyota,,,
154,CUS 749: PRJ008,"837X LT2, 8575X for Honduras",,,
401,CUS1231: PRJ002,"837X TT OR, HV Traction and Power Cables",,,
156,CUS 749: PRJ010,"837X TT, Ford Family Seats, Naco",,,
349,CUS1142: PRJ001,839 Spot Tape,,,
655,CUS 531: PRJ004,8555X Lighting Harness,,,
153,CUS 749: PRJ007,"8750 in place of 8551, MFG trials, NAFTA, Global",,,
888,CUS2315,A.R.M. (USA) INC.,,,
352,CUS1146: PRJ002,"A2XX Fuel Line Abrasion, 832MPX",,,
750,CUS2021,Absolute Electronics,,,
744,CUS2006,Accelera,,,
683,CUS1862,Access Assembly LLC,,,
945,CUS2467,Accu-Logistics,,,
20,CUS428,ACS Industries,ACS,PP00046,Mexico
543,CUS1484,Addev Materials,,,
377,CUS1179,"Adhesivos y Suministros de Mexico, SAdeCV",,,
207,CUS858,Adient,,,
423,CUS1269,Advanced Interconnect Manufacturing,,,
938,CUS2454,"Advanced-Cable & Engineering, LLC of Michigan",,,
325,CUS1100,Advantage Components Inc.,,,
901,CUS2353,AE Wiring,,,
983,CUS2537,AEC USA Inc.,,,
501,CUS1411,AERI,,,
226,CUS952,Aeromotive Services Inc.,,,
497,CUS1407: PRJ1,Aftertreatment Harness VA/VE 2023 MY,,,
373,CUS1174,AG Manufacturing,,,
651,CUS432,"AGM Automotive, LLC",Flextronics AGM,PP00070,Costa Rica
409,CUS1240,AGM Canada Inc.,,,
1009,CUS2597,AGP PERU SAC,,,
520,CUS1449,"Airstream, Inc.",,,
1103,CUS2778,Aislantes Corporativo Dos Mil Uno S.A. de C.V.,,,
1024,CUS2634,Alliance Laundry Systems,,,
826,CUS2182,Alliance Motors,,,
640,CUS1755,Allied Motion,,,
717,CUS1935,Allied Wire & Cable,,,
563,CUS1526,Alpha Technologies,,,
455,CUS1327,Alphatex Corporation,,,
615,CUS1662,Alps Alpine,,,
527,CUS1465,Altınay Elektromobilite ve Enerji Teknolojileri A.Ş.,,,
221,CUS932,Alta-Electronics,,,
758,CUS2045,Amar Kashat,,,
1027,CUS2640,Amazon FBO,,,
565,CUS1529,Amentum,,,
1044,CUS2675,Amentum,,,
843,CUS2206,"American Axle & Manufacturing, Inc.",,,
378,CUS1181,"American Cable Company, Inc.",,,
321,CUS1099,"American Furukawa, Inc.",,,
403,CUS1233,American Honda Motor Company,,,
284,CUS1085,"American Precision Assemblers, Inc.",,,
21,CUS437,American Products,,,
22,CUS438,Amerifast Supply,,,
628,CUS1720,Amigo Mobility,,,
251,CUS1056,Amphenol,Amphenol FCI /TCS,PP00076,Mexico
252,CUS675,Amphenol Adronics,,,
255,CUS1014,Amphenol Aerospace,,,
742,CUS2001,Amphenol Automotive,,,
253,CUS937,Amphenol CTI Industries,,,
261,CUS1056:6,Amphenol FCI (TCS),Amphenol FCI /TCS,PP00076,Mexico
258,CUS1056:3,Amphenol GAC,Amphenol FCI /TCS,PP00076,Mexico
259,CUS1056:4,Amphenol Industrial Operations (AIO),Amphenol FCI /TCS,PP00076,Mexico
254,CUS1002,Amphenol Interconnect Products Corp.,,,
257,CUS1056:2,Amphenol TPI,,,
263,CUS2056,Amphenol Unlimited Services,,,
260,CUS1056:5,Amphenol-Tuchel Electronics GmbH,,,
830,CUS2189,"Ample, Inc.",,,
1041,CUS2665,"AMS Co., LTD",,,
666,CUS1806,Amsco US,,,
407,CUS1238,Andersen Window,,,
1006,CUS2591,Anderson International Marketing,,,
1117,CUS2814,Andy Stern,,,
136,CUS696,Angstrom Electric,Angstrom,PP00029,Mexico
87,CUS0577,"Angstrom Electric, LLC Light",Tenneco,PP00025,Mexico
474,CUS1353:1,"Anixter, Inc.",,,
546,CUS1489,APC Manufacturing LLC,,,
1096,CUS2762,APSRC Michigan Tech VIPK,,,
294,CUS1098,Aptiv,Aptiv,PP00042,Mexico
389,CUS1220,AQ Wiring Systems,AQ Wiring Systems UAB,PP00031,Europe
390,CUS1220:1,AQ Wiring Systems Canada Inc.,AQ Wiring Systems UAB,PP00031,Europe
391,CUS1220:2,"AQ Wiring Systems NY, Inc.",AQ Wiring Systems UAB,PP00031,Europe
1072,CUS2729,"AQ Wiring Systems UAB, Lithuania",AQ Wiring Systems UAB,PP00031,Europe
392,CUS1220:3,"AQ Wiring Systems, SA de CV",AQ Wiring Systems UAB,PP00031,Europe
681,CUS1859,Aramco Americas,,,
466,CUS1347,ARaymond,,,
1093,CUS2754,ARaymond Mexico,,,
197,CUS799: PRJ10,ARC - V710 - Bumper,,,
982,CUS2534,Arc Boat Company,,,
362,CUS1146: PRJ12,"ARC, BT1XX, Map Light, AMS OSRAM",,,
333,CUS1105: PRJ002,"ARC, Indestructible w/h, T1XX",,,
743,CUS2005,ArcFlo,,,
910,CUS2386,Archer Aviation,,,
631,CUS1726,Archtech Electronics Corp.,,,
783,CUS2107,Arelmex,,,
969,CUS2512,Arjun Sharma,,,
703,CUS1910,Arneses y Conexiones (ARCOSA),,,
755,CUS2033,Ashland,,,
16,CUS1057:1,Ashland Hardware Systems,,,
802,CUS2140,Ashley Furniture Industries,,,
766,CUS2067,ASKA,,,
1035,CUS2652,Astro Mechanica,,,
1104,CUS2779,Astro Mechanica,,,
341,CUS1126,Atron Group,,,
627,CUS1719,Aurora Horizon,,,
24,CUS440,"Auto Kabel of North America, Inc.",Autokabel,PP00045,Mexico
673,CUS1838,Autocar Trucks LLC,,,
1123,CUS2833,Automatisme Industrial,,,
608,CUS1643,"Autoneum North America, Inc.",,,
747,CUS2015,"Averest, Inc.",,,
529,CUS1467,Aztec Global Solutions,,,
913,CUS2392,B.R.P.,,,
25,CUS459,Backer-Springfield,,,
1032,CUS2649,Ballard Power Systems,,,
515,CUS1439,Bandai Arnes de Mexico SA de CV,,,
511,CUS1430,"Barco, LLC",,,
620,CUS1692,BASF,,,
215,CUS893,Battle Creek Glass,,,
686,CUS1867,Bauer Hockey Ltd.,,,
689,CUS1881,Baxter Auto Parts,,,
448,CUS1315,Bay Associates Wire Technologies Corp.,,,
690,CUS1882,Bay Motor Products Inc,,,
845,CUS2208,Beclawat Manufacturing Inc.,,,
26,CUS460,Belcan Engineering,,,
1073,CUS2731,Bend All Automotive ULC,,,
844,CUS2207,Bergstrom Inc,,,
478,CUS1364,Berkshire Grey,,,
525,CUS1463,Bimed,,,
995,CUS2561,Binova Teknoloji AS,,,
506,CUS1419,Bisco Industries,,,
641,CUS1757,BIZLINK,Bizlink,PP00033,Europe
642,CUS1052,Bizlink Technology,Bizlink,PP00033,Europe
643,CUS1757:1,"BIZLINK TECHNOLOGY, INC.",Bizlink,PP00033,Europe
1097,CUS2764,"BIZLINK TECHNOLOGY, INC.",Bizlink,PP00033,Europe
1031,CUS2646,Blue Mind Yacht Charters LLC,,,
276,CUS1070,"BlueTech Global, LLC (BTG)",,,
658,CUS531: PRJ7,BluSeal,,,
192,CUS 799: PRJ005,BluSeal Approval,,,
116,CUS 624: PRJ001,BluSeal Implementation,,,
300,CUS1098: PRJ001,BluSeal Implementation,,,
155,CUS 749: PRJ009,"BluSeal, Ford",,,
887,CUS2314,BMAX USA,,,
388,CUS1219,BMRS Wired,,,
404,CUS1235,"BMW of North America, LLC",,,
566,CUS1535,BNB Wire Harness Manufacturing,,,
593,CUS1617,Bobcat,,,
399,CUS1231,Bollinger Motors,,,
813,CUS2161,Bombardier Recreational Products Inc.,,,
949,CUS2472,Border States,,,
576,CUS1556,BorgWarner,,,
1068,CUS2720,BorgWarner Mexico SLP S de RL de CV,,,
882,CUS2302,Boron Energy Corp.,,,
1011,CUS2599,BOSCH,,,
78,CUS570: PRJ1,Bosch Project RFQ,,,
804,CUS2148,Bosch Rexroth Corporation,,,
991,CUS2552,Boston Scientific,,,
465,CUS1345,Bourns Inc,,,
611,CUS1649,Boyd Corporation,,,
952,CUS2477,Brady Justice,,,
15,CUS 1057,Brammo,,,
1017,CUS2609,Brian Skiba,,,
582,CUS1579,Briggs & Stratton,,,
964,CUS2500,Brigham Young University,,,
206,CUS857,Brockton Electronics Ltd.,,,
437,CUS1292,Brokers Logistics,,,
1063,CUS2709,Brose,Brose,PP00065,Germany
552,CUS1498,Brown Industrial Parts Services,,,
507,CUS1423,Bryan Stuber,,,
877,CUS2290,Buckeye Electrical Products Inc.,,,
833,CUS2197,Burns Automotive,,,
770,CUS2072,Bus Climate Control,,,
189,CUS 799: PRJ002,Busbar Packages,,,
190,CUS 799: PRJ003,Busbars : C48X : Pack Exterior,,,
1040,CUS2664,BUSINESS,,,
854,CUS2231,C&S Electronic Specialties,,,
40,CUS492:4,C1,,,
42,CUS492:6,C2,,,
43,CUS492:7,C3,,,
424,CUS1272,"Cable Connections, Inc.",,,
633,CUS1730,Cable Quest,,,
637,CUS1747,Cables Unlimited,,,
1099,CUS2767,CAE Inc,,,
779,CUS2096,Calnetix Technologies,,,
998,CUS2575,Caltech Racing,,,
741,CUS2000,Camellia,,,
27,CUS468,Camions International Elite Ltd,,,
997,CUS2573,Capacity Trucks,,,
572,CUS1544,Carlisle Construction Materials,,,
473,CUS608,Carlton Bates,,,
596,CUS1622,Carnegie Robotics LLC,,,
672,CUS1833,Cascadia Motion,,,
262,CUS1056:7,Casco do Brasil Ltda.,,,
28,CUS471,Casper's Electronics,,,
383,CUS1209,"Caterpillar Paving Products, Inc.",,,
269,CUS1057: PRJ005,"CB-HFT(LS),2:1,25.0,Blk",,,
7,CUS 631: PRJ002,"CB-HFT(LS),2:1,25.0,Blk, TRW # 34178782",,,
372,CUS1173,Celigo Cloudextend,,,
425,CUS1273,Cemm Mex SA de CV,CEMM,PP00012,Mexico
57,CUS 519-1,Certoplast 595 Replacement,,,
1052,CUS2685,Chang Robotics,,,
697,CUS1896,Check Technology Solutions,,,
204,CUS839,Chief Enterprises,,,
825,CUS2179,Chiyoda Integre US,,,
789,CUS2117,Chris Tseng,,,
918,CUS2412,christophe Brassenx,,,
725,CUS1964,CHT USA Inc,,,
463,CUS1340,CIKAUTXO de Mexico S de RL de CV,,,
1029,CUS2644,circle air group,,,
1061,CUS2702,Clark Fowler Electric,,,
223,CUS945,CNH Industrial,,,
376,CUS1178,COBO USA Corporation,,,
663,CUS1784,Cofat Wiring Harness,COFAT,PP00058,Mexico
579,CUS1569,Coficab,,,
288,CUS1090,Coim USA,,,
767,CUS2068,Colorado State University,,,
32,CUS480,Commercial Vehicle Group,CVG,PP00037,Mexico
629,CUS1724,Compass Manufacturing Services,,,
29,CUS474,Condumex,Condumex,PP00034,Mexico
691,CUS1886,Connexion Technic,,,
665,CUS1793,Continental Automotive Mexicana S de RL de CV,,,
227,CUS957,Contour Windows Inc.,,,
610,CUS1645,Cooper Standard,Cooper Standard,PP00077,Europe
692,CUS1890,Cordé Électrique Inc,,,
834,CUS2201,Coroflex Cable Corporation,,,
18,CUS424,Coroplast Fritz Muller GmbH & Co.KG,,,
326,CUS1101,Coroplast Tape Corporation,,,
771,CUS2077,"Coroplast Tape Technology (Kunshan) Co., Ltd.",,,
590,CUS1607,"Corporate Consulting Services & Instruments, Inc.",,,
849,CUS2219,Cortape Incorporated,,,
671,CUS1826,Cosmoitek,,,
216,CUS908,Covestro S.A. of C.V,,,
731,CUS1976,Cratus Technology,,,
853,CUS2228,Crawford Electric Supply,,,
514,CUS1437,Creative Millwork,,,
649,CUS1768,Creative Polymer Solutions,,,
30,CUS475,Crown Equipment,,,
734,CUS1984,Cruise,,,
417,CUS1254,CRV Electronics Corporation,,,
684,CUS1864,Cuberg,,,
499,CUS1407:1,Cummins Emissions Solutions,,,
496,CUS1407,Cummins Engines,,,
1048,CUS2679,Current Electric Vehicles,,,
846,CUS2213,Current Performance Wiring,,,
669,CUS1811,Curt Group,,,
871,CUS2272,CURTIS NEDD,,,
279,CUS1078,Custom Made,,,
1020,CUS2616,custom truck one source,,,
196,CUS799: PRJ009,CX727 Cargo Shade,,,
148,CUS 749: PRJ002,CYG HST for Lear SA,,,
151,CUS 749: PRJ005,"CYG SWT for Green Valley, C430",,,
277,CUS1075,Cyient,,,
723,CUS1962,D&V ELECTRONICS LTD,,,
182,CUS782,"Daicel Safety Systems Americas, Inc.",,,
332,CUS1105: PRJ001,"Daimler EVA2, 8310SE, 837X RT, 8575X, 8550 RT",,,
330,CUS1104:1,Daimler Freight Liner Custom Chassis Corporation,,,
328,CUS1104,Daimler Trucks North America,,,
616,CUS1666,Dakota Fluid Power,,,
867,CUS2263,Dana Incorporated,,,
491,CUS1395,Danhoff Engineering,,,
944,CUS2463,Daniel Ferretti,,,
607,CUS1639,DAP Global Inc.,,,
776,CUS2092,Dartmouth College,,,
908,CUS2383,Dawn of Innovation,,,
144,CUS737,Dayco,,,
981,CUS2533,DC ELECTRONICS,,,
230,CUS968,DCE Inc.,,,
963,CUS2498,DCS Corporation,,,
1055,CUS2690,DDH ENTERPRISE INC,,,
33,CUS483,DECA Manufacturing,,,
986,CUS2541,DeepTech Oil Services,,,
1110,CUS2798,DEKIT,,,
411,CUS1244,Delphi Technologies,,,
929,CUS2442,Denkei Corporation Americas,,,
201,CUS817,"Denso International America, Inc.",,,
434,CUS1287,Desa Glass,,,
329,CUS484,Detroit Diesel Corporation,,,
152,CUS 749: PRJ006,"Die cut tape acc to GMW16875 Type 2, T1XX",,,
1116,CUS2810,Digicom Electronics Inc,,,
872,CUS2276,Dintec Solutions,,,
707,CUS1918,DLG Medic,,,
784,CUS2108,DNA Data Networking and Assemblies Ltd,,,
522,CUS1455,Dontech Solutions,,,
617,CUS1668,Dorman Products,,,
34,CUS487,Dow Chemical USA,,,
752,CUS2027,DOW MEXICO,,,
364,CUS1153,Dow-Tech Plastics,,,
777,CUS2093,"Doyle Manufacturing, Inc.",,,
380,CUS1204,DRAXLMAIER Group,Draexlmaier,PP00069,Mexico
807,CUS2154,"DSA Systems, Inc.",,,
558,CUS1516,Dupont,,,
823,CUS2176,Duro Equipment,,,
1019,CUS2615,DUST Moto/ Derek Cuny,,,
541,CUS1255,Dynacraft,,,
806,CUS2152,Dynamis PRC,,,
336,CUS1107,"E&K, LLC",,,
486,CUS1391,East West El Paso,,,
722,CUS1961,Eaton Corporation,,,
1050,CUS2681,ECI S.L.U.,,,
557,CUS1511,Eco Windows USA,,,
934,CUS2447,ECS Elecktric A.S.,,,
667,CUS1807,EDS Manufacturing,EDS Manufacturing,PP00068,Mexico
395,CUS1223,EHB Supply,,,
975,CUS2521,Eimet Electrical Insulation Company,,,
129,CUS658,EIS,,,
484,CUS1378,El Paso Industrial Supplies,,,
244,CUS1020,Elastomeros Taza SA de CV,,,
848,CUS2217,eleappower,,,
1075,CUS2738,Elecorporation,,,
700,CUS1906,"Electra Cable & Communications, Inc.",,,
145,CUS747,Electrex Inc.,,,
583,CUS1582,Electric Wire Products Corp.,,,
37,CUS492,Electrical Components International,ECI,PP00036,Mexico
1049,CUS2680,Electrical Components International PL,ECI,PP00036,Mexico
36,CUS491,Electrical Components Int'l Canada,ECI,PP00036,Mexico
35,CUS489,Electri-Cord,,,
236,CUS1005,ElectriPack,,,
940,CUS2458,"Electronauts, LLC",,,
1034,CUS2651,Elite Harness,,,
883,CUS2306,Elite Manufacturing SA de CV,,,
492,CUS1399,Elkem Silicones,,,
1070,CUS2723,Elkington Electric,,,
886,CUS2312,ELRAD ELECTRONICS SA DE CV,,,
782,CUS2104,Elroy Air,,,
676,CUS1845,"eMatrix Energy Systems, Inc.",,,
361,CUS1146: PRJ11,EMI Tape for GM micro BAS,,,
1007,CUS2595,EMK ELEKTRO s.r.o.,,,
51,CUS501,Empire Electronics,,,
1018,CUS2612,"Emsco, Inc.",,,
214,CUS892,EMSNet,,,
903,CUS2357,Endress + Hauser,,,
678,CUS1851,Enedym Inc.,,,
828,CUS2185,"enVgo, Inc.",,,
925,CUS2434,Epiroc FVT Inc.,,,
53,CUS503,Ergomat,,,
275,CUS1068,Erich Jaeger Mexico,,,
453,CUS1323,"Escape Window & Well, LLC",,,
892,CUS2333,Estrarza,,,
137,CUS 696: PRJ001,"ET01, SWT, GM, ET1B",,,
274,CUS1057: PRJ10,ET22 Approval,,,
1053,CUS2686,ETC - China,,,
322,CUS1099: PRJ001,"ETD PVC Tubing, Honda, Nissan",,,
599,CUS1627,"Ethicon Endo-Surgery, Inc.",,,
54,CUS507,"EuroAsia Direct, LLC",,,
281,CUS1080,Eurotech,,,
759,CUS2047,"Eurotech China Technology., Ltd",,,
414,CUS1249,Eurotech Direct GmbH,,,
386,CUS1212,Eurotechdirect de Mexico,,,
818,CUS2166,Evolution Motion Solutions,,,
1004,CUS2588,Evolution Motion Solutions,,,
340,CUS1125,Evonik Corporation,,,
19,CUS 426-1,Example,,,
634,CUS1731,Excel Connection,,,
1033,CUS2650,Exocet - Polytechnique,,,
737,CUS1989,Exro Vehicle Systems,,,
993,CUS2559,Fairway Ford,,,
863,CUS2252,"Faith Technologies, Inc.",,,
222,CUS935,Falcon Lakeside Manufacturing,,,
49,CUS508:2,Fargo ND,,,
1108,CUS2788,FASTENAL,,,
327,CUS1102,Fastenal Company,,,
55,CUS515,Fastener Supply Company,,,
487,CUS1393,Faurecia,,,
489,CUS1039,Faurecia Automotive Seating,,,
488,CUS851,Faurecia Sistemas Automotrices de Mexico,,,
265,CUS1057: PRJ001,FCA approval of 837X TT,,,
47,CUS492:11,FD (JRZ8),,,
6,CUS 631: PRJ001,"Felt pads (880-7290), seat buckles, DT",,,
56,CUS519,FEW Automotive Glass,,,
1037,CUS2657,Ficosa Int'l Maroc SARL Au,Ficosa,PP00050,Europe
709,CUS1922,"FireFly Automatix, Inc.",,,
760,CUS2050,FIT Voltaira Americas Corp.,Voltaira,PP00064,North America
984,CUS2538,Fit Voltaira Morocco,Voltaira,PP00052,Europe
58,CUS520,Flex-Cable,,,
654,CUS 531: PRJ003,Flexible Tape Replacement,,,
650,CUS1775,Flextronics,Flextronics,PP00030,Mexico
652,CUS531,"Flextronics Automotive USA, Inc.",Flextronics,PP00030,Mexico
256,CUS1056:1,Flexus Electronics,,,
187,CUS799,Ford Motor Company,,,
820,CUS2169,Form Energy,,,
728,CUS1973,Formula FEI,,,
1064,CUS2714,Formula Polytechnique Montreal,,,
102,CUS0591,Forschner Mexico S de RL de CV,,,
450,CUS1320,Fraenkische,,,
452,CUS1281,FRAENKISCHE Industrial Pipes México S.A. de C.V.,,,
451,CUS879,Fraenkische USA,,,
198,CUS799: PRJ11,Frame Harness Covering P702 E,,,
1119,CUS2827,Frank Shen,,,
847,CUS2214,FRCSW,,,
738,CUS1994,Freudenberg Group,,,
555,CUS1506,"Freudenberg-NOK, Inc.",,,
331,CUS1105,Fujikura,,,
59,CUS533,Fukuvi USA,,,
956,CUS2488,"Fusoh Shoji Co., Ltd.",,,
303,CUS1098:2,FV33 RBE IV,,,
317,CUS1098:16,FV35 Prototypes,,,
316,CUS1098:15,FV37 RBE IX,,,
309,CUS1098:8,FV38 RBE V,,,
320,CUS1098:20,FV39 RBE I,,,
304,CUS1098:3,FV50 Parral,,,
298,CUS1098: 21,FV55 Durango II,,,
310,CUS1098:9,FV56 Durango I,,,
295,CUS1098: 18,FV58 Meoqui,,,
311,CUS1098:10,FV59 Los Mochis,,,
318,CUS1098:17,FW62 Fresnillo I,,,
297,CUS1098: 20,FW63 Fresnillo II,,,
315,CUS1098:14,FW64 Zacatecas II,,,
296,CUS1098: 19,FW65 Fresnillo III,,,
319,CUS1098:19,FW66 El Salto,,,
302,CUS1098:1,FW81 Nuevo Laredo I,,,
312,CUS1098:11,FW83 Nuevo Laredo II,,,
307,CUS1098:6,FW85 Nuevo Laredo III,,,
313,CUS1098:12,FW86 Linares,,,
299,CUS1098: 22,FW88 FRONTERA,,,
306,CUS1098:5,FW93 Victoria II,,,
308,CUS1098:7,FW94 Victoria III,,,
314,CUS1098:13,FW96 Guadalupe III,,,
305,CUS1098:4,FW97 Centec II,,,
670,CUS1825,FXI,,,
547,CUS1491,G2 Harness LLC,,,
564,CUS1527,GAF (Standard Industries),,,
751,CUS2022,Garrett Advancing Motion,,,
724,CUS1963,Gary Crossley Ford,,,
870,CUS2270,Gary Spencer,,,
906,CUS2368,Gaucho Racing - University of California,,,
881,CUS2299,GCG Assembly,,,
677,CUS1846,GCP Applied Technologies,,,
176,CUS757,GDM,,,
60,CUS536,General Cable,Prysmian,PP00038,Mexico
990,CUS2550,General Dynamics Land Systems,,,
351,CUS1146,General Motors,,,
177,CUS772,Gentherm,Gentherm,PP00023,Germany
178,CUS772:1,Gentherm - Acuna 0250,Gentherm,PP00023,Germany
179,CUS772:2,Gentherm - Celaya 0270,Gentherm,PP00023,Germany
790,CUS2118,GG Cables & Wires,,,
792,CUS1103,"GG Cables and Wires Mexico, S. de R.L. de C.V.",,,
791,CUS954,"GG Cables and Wires USA, Inc.",,,
203,CUS837,Gilkey Window Company,,,
534,CUS1475,GlassCrafters Inc,,,
445,CUS1305: PRJ001,Glazing & Muntin Bar Tape,,,
533,CUS1474,GLS,,,
1036,CUS2654,GM,,,
359,CUS1146: PRJ009,"GM, UHMW PE, GM Approve Source List",,,
548,CUS1492,Golden State Assembly,,,
335,CUS1106,Good Gi Industry limited,,,
600,CUS1629,"GR Industrial Supplies, Inc.",,,
935,CUS2449,Green APU,,,
904,CUS2360,Grounded RV,,,
105,CUS0598,Group Dekko,,,
462,CUS1339,"Groupe LCI Canada, Inc.",,,
429,CUS1280,Grupo Antolin,,,
471,CUS1157,Grupo Kuzzy,,,
419,CUS1261,Grupo Master Industrial,,,
490,CUS1394,GSW Manufacturing,,,
62,CUS539,"GT Plastics, Inc.",,,
594,CUS1619,GTS,,,
788,CUS2114,GTX Mfg. LLC,,,
866,CUS2260,Guardian Structural Technologies,,,
948,CUS2471,H3X,,,
481,CUS1374,Haas Door Company,,,
518,CUS1443,HANON,,,
519,CUS1443:1,Hanon Systems Netherlands,,,
748,CUS2019,"Harbinger Motors, Inc.",,,
803,CUS2143,"Hard to Find International, Inc.",,,
368,CUS1166,"Hardware Specialty Co., Inc.",,,
500,CUS1408,"Harness by Hextall, LLC",,,
897,CUS2347,Harvey,,,
66,CUS543,"Hayakawa Electronics America, Inc.",,,
745,CUS2011,HDI Technologies Inc.,,,
581,CUS1575,HDM Systems Corporation,,,
400,CUS1231: PRJ001,"Headliner Tape, Overhead console channel",,,
662,CUS1782,Hearn Industrial Services,,,
1100,CUS2769,Heart Aerospace,,,
972,CUS2517,HeartAerospace US LLC,,,
118,CUS 624: PRJ003,Heat Shrink Tube Implementation,,,
194,CUS 799: PRJ007,Heat Shrink Tube Specification,,,
241,CUS 1012: PRJ002,Heat Shrink Tubing,,,
653,CUS 531: PRJ002,Heat Shrink Tubing Overstock,,,
249,CUS1050,Hella,,,
1001,CUS2583,HEPEG,,,
1092,CUS2753,Hermes Engineering LTD,,,
712,CUS1927,Hermeus Corporation,,,
965,CUS2501,Hesto Harnesses (Pty) Ltd,Hesto,PP00060,Europe
578,CUS1563,Hildebrand Pruf - und Messtechnik GmbH,,,
679,CUS1852,"Hino Motors Manufacturing USA, Inc.",,,
504,CUS1416:1,Hirschman MX,,,
503,CUS1416,Hirschmann,,,
505,CUS1416:2,Hirschmann DTW,,,
67,CUS545,"Hitachi Cable Automotive Products USA, In",,,
202,CUS826,Hi-Tech Extrusions,,,
1023,CUS2628,HKTechnologies,,,
765,CUS2063,Hodgdon Shipbuilding,,,
278,CUS1077,Holiday Custom Wire,,,
447,CUS1313,Hollingsworth Logistics Mgt.,,,
68,CUS546,Holt of California,,,
919,CUS2416,"Honda Motor Co., Ltd. Suzuka Works",,,
14,CUS 939:1,Honduras Electrical Distribution System,,,
292,CUS1094,Honeywell,,,
293,CUS1095,"Honeywell FMT, LLC",,,
570,CUS1541,HSM,,,
149,CUS 749: PRJ003,"HST Benchmark vs. TE, Monarca",,,
219,CUS920: PRJ1,HST RFQ Replace Versafit,,,
509,CUS1426,"HTL Electronics, Inc.",,,
660,CUS1779,Huf Mexico S. de R.L. de C.V.,,,
851,CUS2223,Humimic Medical,,,
577,CUS1561,Huntsman Performance Products,,,
439,CUS1294,HUTCHINSON AUTOPARTES MEXICO SA DE CV.,,,
440,CUS998,HUTCHINSON AUTOPARTES MEXICO SA DE CV.,,,
441,CUS1270,HUTCHINSON AUTOPARTES MEXICO SA DE CV.,,,
498,CUS1407: PRJ2,HV Cable Quote,,,
592,CUS1614: PRJ1,HV Coro Cable Quote,,,
267,CUS1057: PRJ003,"HV Coverings Intro, Coroplast, Core",,,
868,CUS2266,Hydro Precision Tubing Rockledge,,,
821,CUS2170,"Hyliion, Inc.",,,
398,CUS1229,Hyster Yale Materials Handling,,,
968,CUS2510,Hyster Yale WPDC,,,
621,CUS1699,HYUNDAI,,,
622,CUS1234,Hyundai Motor America,,,
625,CUS1699:1,"Hyundai Transys Georgia Seating System, LLC",,,
623,CUS1497,Hyundai Transys Mexico Seating System,,,
624,CUS1696,Hyundai-Kia America Tech Center,,,
933,CUS2446,Iñigo Refojos,,,
719,CUS1939,"IBS Electronics, Inc.",,,
266,CUS1057: PRJ002,"IC busbars, M182",,,
268,CUS1057: PRJ004,"IC Intro, Plant Tour, Alex Cleland",,,
211,CUS880:1,ICA de Mexico,,,
212,CUS880:2,ICA Mid-Atlantic,,,
69,CUS547,Idea Company,,,
350,CUS1144,IEWC,,,
239,CUS1012,IGB Automotive Ltd.,,,
1124,CUS2838,"Igus Bearings, Inc",,,
464,CUS1343,Ilmor Engineering,,,
70,CUS548,Imeco Cables,,,
711,CUS1926,Imecomex,,,
185,CUS792,Imperial Supplies LLC,,,
250,CUS1054,INCODEL Michigan LLC,,,
661,CUS1780,Indelex,,,
812,CUS2159,Indmar,,,
516,CUS1440,Industrial Components & Technology,,,
793,CUS2119,Industrial Fiber Optics,,,
71,CUS549,"Industrial Harness Company, Inc.",,,
247,CUS1042,"Inoac Exterior Systems, LL",,,
545,CUS1487,"Inoac USA, Inc.",,,
1111,CUS2800,Instituto Mauá De Tecnologia,,,
210,CUS880,"Integrated Cable Assembly Holdings, Inc.",,,
213,CUS880:3,Integrated Cable South,,,
865,CUS2256,INTEGRATED MICRO ELECTRONICS MEXICO SAP DE CV,,,
289,CUS1091,Intercable GmbH,Intercable,PP00057,Europe
659,CUS531: PRJ007,Intercable Pass-Through RU,Intercable,PP00057,Europe
133,CUS673,Intercomp,,,
1127,VEN460,Intercompany Eurotech Asia Pacific PTE. LTD.,,,
1126,VEN459,"Intercompany Eurotech Distributors, Inc.",,,
1128,VEN471,Intercompany Eurotech Europe B.V.,,,
1129,VEN504,Intercompany Eurotech Japan LLC,,,
1125,VEN458,Intercompany Eurotech US,,,
895,CUS2342,Interconnect Products and Services,,,
967,CUS2508,International Motors Mexico SA de CV,,,
101,CUS591,"International Motors, LLC",,,
1069,CUS2721,INTICA SYSTEMS,,,
917,CUS2411,Intuitive Machines,,,
242,CUS1015,IRL International Truck Centres,,,
446,CUS1310,"Isotec International, Inc.",,,
1002,CUS2585,ISSPRO,,,
485,CUS1380,Isuzu Commercial Truck of America,,,
245,CUS1034,ITW Appliance Components S. A. de C. V.,,,
135,CUS680,ITW EF&C MEXICO-US TRADING,,,
831,CUS2195,J.E. Miller,,,
1051,CUS2682,"J.E. Miller, Inc.",,,
46,CUS492:10,J2 (JRZ2),,,
45,CUS492:9,J7,,,
38,CUS492:2,JA (JRZ3),,,
1045,CUS2676,Jack'd Up Trucks,,,
609,CUS1644,Jacobs Engineering Group,,,
549,CUS1493,Jacobsen Industries,,,
977,CUS2527,James Baumgart,,,
815,CUS2163,Jason Ohlinger Rebuilds,,,
931,CUS2444,Jeff Rozwadowski,,,
39,CUS492:3,JG (JRZ5),,,
876,CUS2282,"Jinyoung Electro-Mechanics Co., Ltd.",,,
397,CUS1227,JLG Industries,,,
696,CUS1895,Joby Aviation,,,
1118,CUS2823,Joby Aviation,,,
369,CUS1167,John Deere,,,
370,CUS1084,John Deere PEC,,,
512,CUS1435,Joli Dis. F. Hendel Inc.,,,
735,CUS1987,"Joule Case, Inc.",,,
406,CUS1237,Joyson Safety Systems,,,
72,CUS553,"Julian Electric, Inc.",,,
551,CUS1496,"JVIS USA, LLC",,,
41,CUS492:5,JZ (JRZ1),,,
73,CUS554,Kalas Manufacturing Inc.,,,
900,CUS2352,Kalwall,,,
589,CUS1606,Karma Automotive,,,
769,CUS2071,Kasco Marine,,,
461,CUS1337,"Kato Cable, LLC",,,
74,CUS556,"Kauffman Engineering, Inc",,,
1039,CUS2662,Kayser Automotive Systems S en C,,,
879,CUS2293,kbw supply,,,
291,CUS1093,KCM Technical,,,
75,CUS557,Kelco Supply,,,
1112,CUS2803,Ken Geromette,,,
560,CUS1520,Kent Adhesives Products Company || Kapco,,,
585,CUS1589,Kent Manufacturing Company,,,
536,CUS558,Kenworth Truck Company,,,
1094,CUS2755,Kevin Serrano,,,
1026,CUS2639,KEY Tubing & Electrical Pty. Ltd.,,,
702,CUS1908,"Kiepe Electric, LLC.",,,
781,CUS2103,Kimtronics Inc.,,,
694,CUS1893,Kindred Motorworks,,,
588,CUS1599,King Industries,,,
422,CUS1268,Kirby Risk Service Center,,,
675,CUS1840,Klockner Pentaplast,,,
444,CUS1305,Kolbe Windows,,,
869,CUS2269,Komatsu,,,
602,CUS1634,KONGSBERG,,,
605,CUS1773,Kongsberg Actuation Systems II LLC,,,
604,CUS1633,Kongsberg Driveline Systems,,,
603,CUS560,Kongsberg Inc.,,,
476,CUS1358,"Kostal Kontakt Systeme, Inc.",Kostal,PP00048,Germany
396,CUS1226,Kress Corporation,,,
510,CUS1427,Kromberg & Schubert,,,
695,CUS1894,Kyungshin Cable,,,
11,CUS 939,KyungshinLear,,,
704,CUS1914,L&L Products,,,
979,CUS2529,La Libertad,,,
992,CUS2556,lacmta,,,
902,CUS2355,Lawrence Plastics,,,
740,CUS1995,Lawrence Technological University Formula Electric Team,,,
76,CUS562,Lawson Products,,,
146,CUS749,Lear Corporation,,,
166,CUS749:8,Lear Corporation - Alpha MX02AL50,Lear,PP00028,North America
163,CUS749:5,Lear Corporation - Americas MX02NOIM,Lear,PP00028,North America
158,CUS 749:13,Lear Corporation - Argentina,Lear,PP00032,South America
159,CUS749:1,Lear Corporation - Aztecas MX02AZ79,Lear,PP00028,North America
169,CUS749:12,Lear Corporation - Camanducaia,Lear,PP00032,South America
157,CUS 749:8,Lear Corporation - Green Valley HN02GV72,Lear,PP00028,North America
173,CUS749:17,Lear Corporation - Green Valley HN02GV72 (6D77),Lear,PP00028,North America
160,CUS749:2,Lear Corporation - Monarca MX02MO37,Lear,PP00028,North America
165,CUS749:7,Lear Corporation - Naco HN02NC72,Lear,PP00028,North America
171,CUS749:15,Lear Corporation - Naco HN02NC72 (6D77),Lear,PP00028,North America
175,CUS1246,Lear Corporation - Navegantes,Lear,PP00028,North America
161,CUS749:3,Lear Corporation - Nova MX02NOV2,Lear,PP00028,North America
170,CUS749:14,Lear Corporation - Pacheco,Lear,PP00028,North America
174,CUS749:18,Lear Corporation - San Marcos SM6D77US (6D77),Lear,PP00028,North America
167,CUS749:9,Lear Corporation - Santa Elena HN02GV25,Lear,PP00028,North America
172,CUS749:16,Lear Corporation - Santa Elena HN02GV25 (6D77),Lear,PP00028,North America
168,CUS749:10,Lear Corporation - Torreon II MX02MTN2,Lear,PP00028,North America
162,CUS749:4,Lear Corporation - Torreon MX02MTR2,Lear,PP00028,North America
164,CUS749:6,Lear Corporation - Torres MX02TR48,Lear,PP00028,North America
1057,CUS2695,Lear Corporation Czech Republic s.r.o.,Lear EU,PP00024,EU
1047,CUS2678,"Lear Holding Spain, SLU",Lear EU,PP00024,EU
732,CUS1979,Legrand / Starline,,,
926,CUS2437,LEIF JOHNSON FORD,,,
1030,CUS2645,Leman Industrie Morocco,Leman,PP00049,Europe
457,CUS1333,"LEMO USA, Inc.",,,
79,CUS570:1,Leoni Wiring Systems - BU-GM,Leoni,PP00066,Mexico
80,CUS570:2,Leoni Wiring Systems - BU-Yucatan,Leoni,PP00066,Mexico
81,CUS570:3,Leoni Wiring Systems - Hermosillo,Leoni,PP00066,Mexico
77,CUS570,"Leoni Wiring Systems, Inc.",Leoni,PP00066,Mexico
426,CUS1279,LG Corporation,,,
280,CUS1079,"LG Energy Solution Michigan, Inc.",,,
915,CUS2398,LHP Technology Solutions,,,
1114,CUS2805,Lightergy,,,
234,CUS986,Lion Supply,,,
580,CUS1570 Lippert,Lippert (Kinro),,,
382,CUS1207,LISI Automotive LLC,,,
82,CUS572,Littelfuse,,,
347,CUS1141,LoDan Electorics Inc,,,
435,CUS1289,LoganMex,,,
656,CUS 531: PRJ005,Low Glue Flow Heat Shrink,,,
619,CUS1687,Lowe Electric Supply,,,
822,CUS2173,LS Automotive,,,
117,CUS 624: PRJ002,LTA SEWS Tape,,,
1015,CUS2605,LTM Industria e Comercio de Chicotes Electricos LTDA.,,,
943,CUS2462,Luca Rosu,,,
550,CUS1494,Lucid Motors,,,
220,CUS930,Lufapak,,,
921,CUS2426,Lund Formula Student,,,
778,CUS2094,MacDon Industries Ltd.,,,
698,CUS1897,Mack Trucks - Customer Adaption Center,,,
83,CUS575,Magna Closures,,,
976,CUS2525,Magna Exteriors Inc: Polycon Industries,,,
532,CUS1473,Magna Seating Chemical Technologies,,,
86,CUS577,Magnesita Refractories Company,,,
413,CUS1248,Magnum Innovations,,,
290,CUS1092,Mahindra Automotive North America,,,
907,CUS2370,Mapei Corp.,,,
31,CUS479,MAQ Holdings Pte Ltd.,,,
816,CUS2164,Marian Chicago,,,
973,CUS2518,Maritime Applied Physics Corp.,,,
561,CUS1521,Martin Interconnect,,,
894,CUS2339,"Marushin Co., Ltd.",,,
994,CUS2560,Marvin Land Systems,,,
927,CUS2439,Masaki Hagiwara,,,
91,CUS0582,Master Design Industries,,,
231,CUS976,Master Plastics,,,
1005,CUS2590,Matt Wade,,,
1091,CUS2752,Matthew Foster,,,
432,CUS1283: PRJ001,Maverick,,,
1016,CUS2608,Mavom BV,,,
1090,CUS2751,Max Pinnacle Inc,,,
1074,CUS2734,McGill Formula Electric,,,
757,CUS2042,McMaster University,,,
495,CUS1406,MD Elektronik de México S. de R.L. de C.V,,,
874,CUS2280,"Mecalbi Engineering Solutions, Lda",,,
526,CUS1464,"Mega Techway, Inc.",,,
801,CUS2136,Mercedes-Benz,,,
693,CUS1892,Mercury Marine,,,
645,CUS1760,Methode Electronics,,,
88,CUS579,Mid Iowa Fasteners,,,
528,CUS1466,Midway Windows,,,
134,CUS676,Milsco,,,
287,CUS1089,Miscellaneous Sales,,,
225,CUS950,Mission Industrial Group,,,
89,CUS580,Mobile Climate Control,,,
574,CUS1549,Modine Manufacturing Company,,,
612,CUS1652,Molex Corporation,,,
819,CUS2167,Moment Motor Company,,,
394,CUS1222,Momentive Performance Materials,,,
90,CUS582,Monarch Resources,,,
850,CUS2222,Monarch Tractor,,,
630,CUS1725,Monroe Rubber & Plastics Inc.,,,
65,CUS542,"Montevideo Technology, Inc.",,,
632,CUS1727,Monument Chemical,,,
756,CUS2035,Moog - Aircraft Group,,,
494,CUS1403,Moog - Aspen Motion Technologies,,,
385,CUS1210,Morgan-Lee Supply,,,
483,CUS1377,Motherson SAS Automotive Services USA Inc.,,,
1013,CUS2602,Motion,,,
371,CUS1172,Motion Industries,,,
1089,CUS2749,Motiv Power Systems,,,
942,CUS2461,Motocrane,,,
343,CUS1128,Motor City Industrial,,,
84,CUS0575,Motus Integrated,,,
985,CUS2539,Mountaineer Inc.,,,
937,CUS2452,Movex Innovation,,,
587,CUS1598,Moxion Power Co.,,,
775,CUS2091:1,MRacing,,,
132,CUS665,MSC Industrial Supply,,,
814,CUS2162,MSI Defense Solutions,,,
93,CUS583:1,MSSL -  Chihuahua,MSSL,PP00047,Mexico
94,CUS583:2,MSSL -  Monclova,MSSL,PP00047,Mexico
96,CUS583:4,MSSL -  Portland,MSSL,PP00047,Mexico
95,CUS583:3,MSSL -  Saltillo,MSSL,PP00047,Mexico
92,CUS583,MSSL Wiring Systems Inc.,MSSL,PP00047,Mexico
898,CUS2348,MTS Systems Corp.,,,
99,CUS588,Multicraft International,,,
100,CUS590,Nairn Sales & Marketing,,,
786,CUS2111,Natural Polymers,,,
939,CUS2457,NEP ELECTRONICS INC,,,
224,CUS949,Netcon Enterprises,,,
217,CUS912,Newark Element14,,,
243,CUS1017,Nexans Autoelectric of America Inc,Nexans,PP00019,Mexico
475,CUS1354,Nexans Germany,,,
936,CUS2451,Niello Audi,,,
480,CUS1371,NIHM LLC,,,
412,CUS1245,Nikola Motors,,,
393,CUS1221,Nissan Group North America,,,
1046,CUS2677,NKK Switches,,,
646,CUS1762,Noble Gas Systems,,,
348,CUS1142,Norma Group,,,
235,CUS996,North American Interconnect,,,
1054,CUS2687,Northeastern Electric Racing,,,
841,CUS2204,Northwestern Formula Racing,,,
410,CUS1242,NRI Electronics,,,
715,CUS1931,Nursan Kablo Donanımları San. ve Tic. A.Ş.,Nursan,PP00044,Germany
1008,CUS2596,Nursan Otomotiv EOOD,Nursan,PP00044,Germany
1065,CUS2716,NVH USA,,,
884,CUS2308,NYTX Electronics LLC,,,
544,CUS1486,O. C. Welch Ford Lincoln Inc.,,,
647,CUS1766,OCEANSIDE GLASSTILE,,,
980,CUS2531,OEM,,,
270,CUS1057: PRJ006,"OEM Approval, BluSeal, DT",,,
797,CUS2127,OHE INDUSTRIES,,,
924,CUS2432,OHE Industries,,,
138,CUS 696: PRJ002,"Old 505, FCA,",,,
795,CUS2122,"OLSA SISTEMAS DE ILUMINACION AUTOMOTRIZ, S. DE R.L. DE C.V.",,,
248,CUS1044,Omni Connection International,,,
554,CUS1500,Onrion LLC,,,
468,CUS1349,Orange EV,,,
1058,CUS2697,Oribiotech Limited,,,
911,CUS2387,Ortec Inc.,,,
597,CUS1623,"Our Next Energy (ONE), Inc",,,
1025,CUS2635,P.Ucore,,,
950,CUS2474,P3 Technologies,,,
535,CUS1479,PACCAR,,,
1042,CUS2673,PACCAR STE-THERESE CANADA,,,
542,CUS1479:1,Paccar Technical Center,,,
862,CUS2251,PACCAR: Sainte Therese,,,
699,CUS1902,Pack Motorsports FSAE,,,
685,CUS1865,Packard Korea,Packard,PP00041,Korea
989,CUS2546,Packard Motors,Packard,PP00041,Korea
635,CUS1732,Paige Electric,,,
688,CUS1876,Pak Rite Industries - P021P,,,
467,CUS1348,pam clifford,,,
456,CUS1329,Pana-Pacific,,,
1122,CUS2832,Parallel Harness,,,
238,CUS1010,Park Manufacturing Corporation,,,
961,CUS2495,Parker Hannifin,,,
131,CUS661,PAS Appliance Systems SA de CV,,,
384,CUS1209:1,Peck Tech,,,
860,CUS2245,Performance Data Solutions LLC,,,
539,CUS597,Peterbilt Motors Company,,,
365,CUS1160,PGF Technology Group Inc,,,
200,CUS816,Phillips Industries,,,
720,CUS1947,Phoenix Contact,,,
104,CUS598,Pierce Group,,,
469,CUS1351,"Pinner Wire & Cable, Inc.",,,
586,CUS1597,Pittsburg State University,,,
832,CUS2196,PJ Windows,,,
1080,CUS2739:3,PK Cables Do Brasil Ind. Com. LTDA,,,
1076,CUS2739,PKC Group - B.V,PKC,PP00027,EU
1082,CUS1156,PKC Group AC3,PKC,PP00053,Mexico
1083,CUS2741:2,PKC Group AC4,PKC,PP00053,Mexico
1078,CUS2739:1,PKC Group Lithuania UAB,PKC,PP00027,EU
1077,CUS2733,PKC Group Poland Sp. z o.o.,PKC,PP00027,EU
1084,CUS2741:3,PKC Group Torreon,PKC,PP00053,Mexico
1081,CUS2741,PKC Group USA,PKC,PP00053,Mexico
1079,CUS2739:2,PKC Wiring System DOO,,,
896,CUS2344,Plant Dynamics Corporation,,,
408,CUS1239,PlasDeck Inc.,,,
798,CUS2130,Pleasure Craft Marine Company,,,
584,CUS1585,Plexus,,,
754,CUS2032,Plymouth Rubber Europa,,,
614,CUS1661,Polaris,,,
764,CUS2062,POLYCOAT PRODUCTS,,,
553,CUS1499,Polymershapes,,,
106,CUS599,"PowerFilm, Inc.",,,
996,CUS2569,PR Distribution,,,
618,CUS1686,Pratt Miller,,,
107,CUS600,Precision Cable Assemblies,,,
946,CUS2468,Precision Harness,,,
282,CUS1082,Prelco,,,
859,CUS2244,Premier Sports Lighting,,,
785,CUS2109,Prenco Progress & Engineering Corp. Ltd.,,,
108,CUS602,Prettl Electric,,,
644,CUS1758,Print Pack,,,
430,CUS1282,Priority Manufacturing Facility,,,
188,CUS 799: PRJ001,PRO: High Temp Application,,,
1120,CUS2830,Prodef,,,
1067,CUS2719,Productos Eiffel,,,
668,CUS1810,Prolex Electronics,,,
591,CUS1614,Promark Electronics,,,
286,CUS1087,"Promethient, Inc.",,,
271,CUS1057: PRJ007,Promoting UHMW PE to FCA,,,
13,CUS 939: PRJ002,"Propose ETD HST, Hyundai",,,
749,CUS2020,Protomet,,,
61,CUS1628,Prysmian Group,Prysmian,PP00038,Mexico
97,CUS0584,P-Tek Windows SA DE CV,,,
209,CUS873,PTSolutions,,,
708,CUS1921,PTx Trimble,,,
824,CUS2178,Purdue Electric Racing,,,
971,CUS2515,Purdue Electric Racing,,,
1113,CUS2804,"QES, LLC",,,
44,CUS492:8,QT,,,
355,CUS1146: PRJ005,"Qualifying BluSeal, ATF apps, Core",,,
353,CUS1146: PRJ003,"Qualifying BluSeal, EDS Core",,,
360,CUS1146: PRJ010,"Qualifying BluSeal, Fuel Tank apps, Core",,,
354,CUS1146: PRJ004,"Qualifying Kynar HST, ATF Apps",,,
970,CUS2514,Quality Cable and Components,,,
449,CUS1317,Quality Cable Systems,,,
856,CUS2236,R & R Sales,,,
768,CUS2069,Range Energy,,,
513,CUS1436,Rapid Manufacturing,,,
730,CUS1975,Ravin Electronics,,,
922,CUS2427,"RCO ENGINEERING, INC",,,
228,CUS959,Reflex Allen,,,
567,CUS1536,Re-Gen Inc,,,
714,CUS1929,REGENT Craft,,,
733,CUS1981,REMA USA LLC,,,
323,CUS1099: PRJ002,"Replace Tesa 51608, 51616",,,
324,CUS1099: PRJ003,Replacing Nitto PVC,,,
1060,CUS2701,Repower Electric,,,
109,CUS604,Repro Parts,,,
626,CUS1714,Resident Home,,,
638,CUS1748,ResoNix Sound Solutions,,,
237,CUS1006,Restoration Design Inc.,,,
233,CUS977,RFA Engineering,,,
920,CUS2424,RFA Engineering,,,
52,CUS 501: PRJ002,"RFQ: 8550 9x25, Volvo V536/616, Joyson",,,
718,CUS1938,Ricardo Inc.,,,
855,CUS2232,Rich Velbeck,,,
110,CUS605,Ridex Integral,,,
537,CUS606,Rihm Kenworth,,,
966,CUS2503,RIT FSAE,,,
421,CUS1267,Ritz Instrument Transformers,,,
405,CUS1236,Rivian,,,
366,CUS1162,"RIX North America, LLC",,,
337,CUS1108,Roberto Gonzalez,,,
713,CUS1928,Robotics Plus,,,
50,CUS2037,Rochester Industrial Control,,,
363,CUS1152,Rocka Solutions Inc,,,
999,CUS2580,Rocket Lab Limited,,,
912,CUS2390,Rosalie Hershberger,,,
794,CUS2120,RosenBauer,,,
521,CUS1451,Rosenberger Mexico SA de CV,,,
1071,CUS2726,RossMerica Industries,,,
1121,CUS2831,Roto (Ultrafab),,,
141,CUS703,ROUSH INDUSTRIES,,,
568,CUS1537,"RT Instruments, Inc.",,,
530,CUS1468,"RWD Innovative Specialty Trims, LLC",,,
680,CUS1856,Sacramento Electronic Supply,,,
808,CUS2156,Saint-Gobain Mexico,,,
809,CUS610,Saint-Gobain Mexico - Municipio,,,
810,CUS2156:1,Saint-Gobain Mexico - Sendai,,,
17,CUS,Samples - Eurotech,,,
431,CUS1283,Samsung,,,
951,CUS2476,San Diego State University,,,
595,CUS1620,Sandia National Laboratories,,,
710,CUS1923,"Sanhua Automotive USA, Inc.",,,
379,CUS1192,"Sanko Electronics America, Inc.",,,
1021,CUS2623,Sanmina Corporation NPI Facility,,,
556,CUS1509,"Schleuniger, Inc.",,,
772,CUS2079,Scout Motors,,,
367,CUS1165,SDI Wire & Cable,,,
479,CUS1370,SE Bordnetze Mexico S.A. de C.V.,,,
523,CUS1456,Sea Electric,,,
4,CUS 627: PRJ001,Semi-Truck,,,
890,CUS2318,Senko Advance,Senko,PP00067,Japan
773,CUS2089,Sensience,Sensiense,PP00056,Mexico
420,CUS1265,Serendipity Electronics Inc.,,,
857,CUS2242,ServoTech,,,
1043,CUS2674,Sesco,,,
433,CUS1285,Shopify Customer,,,
111,CUS616 SK Express,SK Express Inc.,,,
639,CUS1750,SK pucore Mexico,,,
418,CUS1258,SKX,,,
955,CUS2486,Skyryse,,,
195,CUS 799: PRJ008,Sleeve Tube Specification,,,
150,CUS 749: PRJ004,Smart Distancing Tapes,,,
112,CUS617,SMR Automotive,,,
664,CUS1788,SMT LLC Group,,,
184,CUS790,Smyth Automotive Inc.,,,
601,CUS1632,SODA,,,
436,CUS1291,Sonicare Solutions,,,
442,CUS1295,Soprema,,,
1000,CUS2581,SOS Manufacturing,,,
113,CUS620,"Sosmetal Products, Inc.",,,
753,CUS2031,Southern California Solar Car Team,,,
531,CUS1472,Specialized Harness Products,,,
799,CUS2132,SPEEDWELL MACHINE WORKS INC,,,
524,CUS1460,SPEMCO,,,
273,CUS1057: PRJ009,SPT Tapes,,,
2,CUS 621,St. Clair Technologies,,,
873,CUS2277,Stäubli,,,
205,CUS853,Stabilus,,,
701,CUS1907,"Stafl Systems, LLC",,,
415,CUS1250,Standex Electronics,,,
381,CUS1205,Stantek Manufacturing,,,
716,CUS1933,Star Products Company Inc,,,
914,CUS2393,STARD part of Stohl Group GmbH,,,
959,CUS2493,Stark Electronics/Absolute Quality,,,
1109,CUS2791,Steliau Technology,,,
264,CUS1057,Stellantis,,,
517,CUS1442,Stepan,,,
283,CUS1083,Sterling Technologies,,,
827,CUS2183,Sterling Wire & Cable,,,
705,CUS1915,Stiwa Group,,,
957,CUS2489,stohlman automotive products,,,
636,CUS1734,Strategic Distribution de Mexico,,,
186,CUS797,Stratosphere Quality,,,
1059,CUS2699,STURDY CORP LLC,,,
988,CUS2544,SubZero,,,
114,CUS623,Sumida Components de Mexico,,,
115,CUS624,"Sumitomo Electric Wiring Systems, Inc.",SEWS,PP00026,Mexico
387,CUS1218,Summit Motor Products,,,
573,CUS1545,Sunrise Windows & Doors,,,
342,CUS1127,Superior Trim S de R.L. de C.V.,,,
193,CUS 799: PRJ006,"Supplanting Loctie with BluSeal, Lear, C727, C430",,,
899,CUS2350,Sure Point Electronics,,,
356,CUS1146: PRJ006,"Sustainability Tapes, Core",,,
861,CUS2249,Suzanne Villarreal,,,
339,CUS1113,Swaptime,,,
875,CUS2281,Swope Design Solutions,,,
1085,CUS2742,Syeraa Tools& Equipment LLC,,,
736,CUS1988,Symbio,,,
460,CUS1336,Syscom Tech,,,
85,CUS 0575: PRJ001,T1XX 7103 DST Die Cut,,,
805,CUS2149,T3MP3ST,,,
858,CUS2243,TACHI-S,,,
648,CUS1767,TACK Electronics,,,
285,CUS1086,Tacoma Screw Products,,,
941,CUS2459,Tape Case,,,
246,CUS1041,Taylor Made,,,
1101,CUS2774,"TDM Shonan Co.,Ltd",,,
143,CUS728,TE Connectivity,,,
470,CUS1352,Tecnicentro Maderero SA de CV,,,
119,CUS626,Telamon,,,
606,CUS1637,Tempur Sealy,,,
569,CUS1538,Tempur Technologies,,,
1012,CUS2601,Terminal & Cable GP Inc.,,,
1010,CUS2598,Terminal & Cable TC inc,,,
3,CUS 627,TESLA,,,
974,CUS2519,Test,,,
762,CUS2058,Texas A&M Formula SAE,,,
120,CUS628,Textape,,,
891,CUS2332,The University of Adelaide,,,
508,CUS1425,Thelma Sanchez,,,
958,CUS2491,ThermaTech | AR Lintern,,,
953,CUS2478,Thermo King - Trane Technologies,,,
916,CUS2407,Thomas Doll,,,
345,CUS629,TI Automotive,,,
344,CUS1129,TI Fluid Systems,,,
140,CUS696: PRJ004,Tianhia BluSeal Tesla Semi-Truck,,,
477,CUS1362,Timberline Manufacturing,,,
540,CUS1344,TLG Peterbilt - Springfield,,,
687,CUS1871,TMC Transportation,,,
48,CUS492:12,TO,,,
923,CUS2430,TORUS,,,
482,CUS1375,Toyota Motor Corp,,,
338,CUS1110,Traktolamp SA de CV,,,
240,CUS 1012: PRJ001,Transparent Patch,,,
130,CUS660,Tremco Incorporated,,,
181,CUS780:1,Tristone Flowtech Chihuahua,,,
180,CUS780,Tristone Flowtech Mexico,,,
727,CUS1968,TriVolt Industries Inc.,,,
121,CUS630,Trombetta,,,
538,CUS1286,Truckworx,,,
10,CUS984,TRW Occupant Safety Systems - La Laguna 412A,,,
8,CUS 631:1,TRW Seatbelt Div - Reynosa 454A,,,
122,CUS632,"TSII, Inc.",,,
787,CUS2112,"Tube Caron, Inc.",,,
674,CUS1839,Turn Key Automotive,,,
1095,CUS2761,Twin Disc,,,
183,CUS784,UATC,,,
817,CUS2165,UCalgary Racing,,,
729,CUS1974,U-Haul,,,
272,CUS1057: PRJ008,UHMW PE,,,
428,CUS1279:1: PRJ001,"UHMW PE, ZERV",,,
960,CUS2494,Universal Tool and Supply,,,
1066,CUS2718,"University of Alabama, ME Dept",,,
682,CUS1861,University of Alberta,,,
559,CUS1518,"University of California, Los Angeles",,,
1088,CUS2746,University of Illinois,,,
774,CUS2091,University of Michigan,,,
1098,CUS2766,University of Minnesota,,,
796,CUS2126,University of Minnesota - Formula SAE,,,
1062,CUS2703,University of Pittsburgh Formula SAE,,,
962,CUS2496,University of Windsor,,,
1022,CUS2626,University of Windsor,,,
978,CUS2528,University of Wyoming,,,
706,CUS1917,Urethane Sciences,,,
928,CUS2440,US ARMY DEVCOM GVSC,,,
721,CUS1952,US Hybrid,,,
947,CUS2470,US Tool Group,,,
443,CUS1303,usCalibration,,,
1102,CUS2775,Utila Legend,,,
657,CUS 531: PRJ006,UWB Terminal Sealing,,,
147,CUS 749: PRJ001,"UWB, Grommet app, ZERV, 31XX-2",,,
63,CUS541,Vallen Distribution Inc,,,
375,CUS1177,Van Meter Inc,,,
142,CUS712,"Vani Quality Quest, Inc.",,,
23,CUS439,Vayan Group,,,
885,CUS2310,VC Automation,,,
909,CUS2384,Vector Windows,,,
746,CUS2012,Veolectra Inc.,,,
763,CUS2059,Vibracoustic,,,
374,CUS1176,Victaulic,,,
493,CUS1402,Victory Polymers,,,
123,CUS638,Vinyl Profiles,,,
208,CUS868,Vinyl Sash of Michigan,,,
571,CUS1543,Vinylmax Windows,,,
800,CUS2133,Visionaire Inc,,,
575,CUS1551,Vitesco Technologies,,,
878,CUS2292,Vitrica,,,
229,CUS962,Vitro Architectural Glass,,,
103,CUS0597,Volex de Mexico SA de CV,,,
402,CUS1232,Volvo Group North America,,,
1115,CUS2807,Warn Automotive,,,
598,CUS1626,Wayne-Dalton Corporation,,,
98,CUS0585,WE WIRE,WeWire,PP00054,Mexico
472,CUS1353,WESCO,,,
64,CUS541:1,Wesco Integrated Supply,,,
829,CUS2186,Western Windows,,,
199,CUS810,Weston Modular Industries Ltd.,,,
458,CUS1335,Whirlpool Corporation,,,
459,CUS1335: PRJ1,Whirlpool URSO Oven ARC Oppty,,,
880,CUS2298,WHOLESALE INDUSTRIAL ELECTRONI,,,
932,CUS2445,William Comisky,,,
930,CUS2443,Williams Controls,,,
889,CUS2316,"Willow Tex, LLC.",,,
613,CUS1658,Win Master S.A de C.V,,,
562,CUS1525,Winar Connections Inc.,,,
502,CUS1415,"Wincore Window Company, LLC",,,
454,CUS1326,Window City Industries Inc.,,,
852,CUS2224,Windsor Machine,,,
761,CUS2052,Wire Managers,,,
416,CUS1252,"WireMasters, Inc.",,,
128,CUS649,WIRIC Corporation,,,
905,CUS2364,Womack Machine Supply,,,
1014,CUS2604,Wooshin Safety Systems,,,
438,CUS1293,Worcester Polytechnic Institute - WPI,,,
124,CUS640,World Class Industries - WCI,,,
218,CUS920,"WRWP, LLC",,,
893,CUS2334,"Wuxi Lead Intelligent Equipment Co., Ltd.",,,
739,CUS1994:1,Xalt Energy,,,
125,CUS643,Xenia Mfg. Inc.,,,
1038,CUS2659,Xmobots,,,
126,CUS644,XTO Inc.,,,
842,CUS2205,"Y.C. Cable USA, Inc.",,,
811,CUS2158,Yakta,,,
1003,CUS2587,Yamaha Motor Manufacturing Corp of America,,,
835,CUS2202,YAZAKI,Yazaki,PP00061,North America
1105,CUS2786,Yazaki - B.V.,Yazaki,PP00072,Europe
838,CUS2202:3,Yazaki Bajio,Yazaki,PP00061,North America
780,CUS2097,Yazaki Brasil,Yazaki,PP00062,Brazil
840,CUS2202:1,Yazaki do Brazil Ltda.,Yazaki,PP00062,Brazil
839,CUS2202:4,Yazaki El Salvador,Yazaki,PP00061,North America
1086,CUS2745,YAZAKI ETAP,Yazaki,PP00055,Philippines
1056,CUS2692,Yazaki Morocco SA,Yazaki,PP00072,Europe
837,CUS2202:2,YAZAKI NICARAGUA,Yazaki,PP00061,North America
836,CUS1064,Yazaki North America,Yazaki,PP00061,North America
1107,CUS2787,YAZAKI Romania S.R.L.,Yazaki,PP00072,Europe
864,CUS2254,Yazaki Turkey,Yazaki,PP00072,Europe
1106,CUS2786:1,Yazaki Wiring Technologies Turkiye,Yazaki,PP00072,Europe
1087,CUS2745:1,YAZAKI-TORRES,Yazaki,PP00061,North America
127,CUS645,Yokohama Industries Americas,,,
726,CUS1967,"Zama, Inc",,,
1028,CUS2641,Zebra Technologies,,,
5,CUS 631,ZF Occupant Restraints de Chihuahua S. de R.L. de C.V.,,,
9,CUS 631:2,ZF Passive Safety Systems US Inc.,,,
427,CUS1279:1,ZKW Group,,,
346,CUS1130,Zoox Inc.,,,
